{
  "model": "Transformer v2",
  "auc": 0.9776880563698465,
  "threshold_0.5": {
    "f1": 0.45674740484429066,
    "precision": 0.30985915492957744,
    "recall": 0.868421052631579
  },
  "threshold_optimal": {
    "value": 0.939453125,
    "f1": 0.7703703703703704,
    "precision": 0.8813559322033898,
    "recall": 0.6842105263157895,
    "tp": 52,
    "fp": 7,
    "fn": 24
  }
}