{
  "0": {
    "total": 219,
    "positive": 153,
    "ratio": 0.6986301369863014
  },
  "1": {
    "total": 1262,
    "positive": 171,
    "ratio": 0.13549920760697307
  },
  "2": {
    "total": 3331,
    "positive": 102,
    "ratio": 0.030621435004503154
  },
  "3": {
    "total": 0,
    "positive": 0,
    "ratio": 0.0
  },
  "4": {
    "total": 188,
    "positive": 0,
    "ratio": 0.0
  }
}