{
  "best_value": 0.9784995211516303,
  "best_params": {
    "lr": 5.6115164153345e-05,
    "batch_size": 16,
    "weight_decay": 6.251373574521755e-05,
    "grad_clip": 0.6560186404424365,
    "d_model": 256
  }
}