{
  "model": "LSTM v2",
  "auc": 0.989185245945728,
  "threshold_0.5": {
    "f1": 0.8648648648648649,
    "precision": 0.8888888888888888,
    "recall": 0.8421052631578947
  },
  "threshold_optimal": {
    "value": 0.9404296875,
    "f1": 0.9,
    "precision": 0.984375,
    "recall": 0.8289473684210527,
    "tp": 63,
    "fp": 1,
    "fn": 13
  }
}