{
  "temperature": 10.0,
  "threshold": 0.15,
  "precision": 0.037383177570093455,
  "recall": 1.0,
  "f1": 0.07207207207207207
}